{
    "num_epochs": 30,
    "batch_size": 64,
    "optimizer": "SGD",
    "learning_rate": 0.012947555925250388,
    "weight_decay": 0.0012874435583927798,
    "scheduler": "ReduceLROnPlateau",
    "factor": 0.14223426672659512,
    "patience": 2
}
